code_absent;intitule_activite;metiers_concernes;code_probable_apres_MAJ;intitule_correspondant
F.01.05.01;Contrôle en continu de la production assurée;D18 D19 D21 D195 C201;F.01.05.1;Contrôle en continu de la production assurée
K.02.16.01;Pilotage de la gestion des ressources humaines;P88 P150 F220 P300;K.02.16.1;Pilotage de la gestion des ressources humaines
D.02.02.01;Conduite d’une ligne de fabrication et/ou de conditionnement;D21 C201 D312;D.02.02.04;Conduite d’une ligne de fabrication et/ou de conditionnement
K.02.01.01;Pilotage des activités administratives et financières;P110 P113 P218;;
I.02.10.01;Transmissions des informations de suivi et de traçabilité;K15 K324;I.02.10.1;Transmissions des informations de suivi et de traçabilité
I.01.15.01;Manutention et stockage des machines et produits d’entretien;K15 K324;I.01.15.1;Manutention et stockage des machines et produits d’entretien
E.02.10.01;Gestion et optimisation des stocks;L86 L261;E.02.10.1;Gestion et optimisation des stocks
J.02.02.01;Rédaction de contenus, messages, argumentaires de marketing opérationnel;B87 B222;J.02.02.1;Rédaction de contenus, messages, argumentaires de marketing opérationnel
I.01.06.01;Analyse de l’activité de marketing digital;B125 B134;I.01.06.1;Analyse de l’activité de marketing digital
I.02.12.01;Enregistrement et transmission des informations relatives à la maintenance;J196 J316;I.02.08.02;Enregistrement et transmission des informations relatives à la maintenance
E.02.08.01;Préparation de commandes et expédition des produits;F3;E.02.08.1;Préparation de commandes et expédition des produits
F.01.15.01;Surveillance et contrôle des réglages effectués sur les équipements et machines de production;J12;F.01.15.1;Surveillance et contrôle des réglages effectués sur les équipements et machines de production
I.02.11.01;Enregistrement et transmission des informations relatives à la production;J12;I.02.08.01;Enregistrement et transmission des informations relatives à la production
J.01.10.01;Communication auprès des collaborateurs de la production;J12;J.01.10.1;Communication auprès des collaborateurs de la production
H.01.06.01;Appui technique à la production dans la mise en œuvre des procédés de production alimentaire;D13;H.01.06.1;Appui technique à la production dans la mise en œuvre des procédés de production alimentaire
I.01.16.01;Traitement des indicateurs relatifs à l’activité de production;D13;I.01.16.1;Traitement des indicateurs relatifs à l’activité de production
J.05.05.01;Mise en œuvre de projets associés à de nouveaux équipements industriels, nouveaux procédés et/ ou nouveaux produits alimentaires;D13;J.05.05.1;Mise en œuvre de projets associés à de nouveaux équipements industriels, nouveaux procédés et/ ou nouveaux produits alimentaires
F.01.14.01;Autocontrôle et repérage des anomalies ou non conformités;K15;F.01.14.1;Autocontrôle et repérage des anomalies ou non conformités
F.01.05.02;Contrôle en continu de la production assurée;D20;F.01.05.1;Contrôle en continu de la production assurée
K.02.11.02;Pilotage de l’activité logistique sur son périmètre;F23;K.02.11.2;Pilotage de l’activité logistique sur son périmètre
F.01.05.04;Contrôle en continu de la production assurée;D25;F.01.05.1;Contrôle en continu de la production assurée
F.01.05.05;Contrôle en continu de la production assurée;D26;F.01.05.1;Contrôle en continu de la production assurée
F.01.23.02;Contrôles et tests de fonctionnement sur les composants ou sous-ensembles mécaniques et électrotechniques des équipements et installations;J29;;
K.02.10.01;Organisation et supervision d’une équipe logistique;F39;K.02.10.1;Organisation et supervision d’une équipe logistique
J.04.02.01;Accueil des nouveaux membres de l’équipe et transmission de savoir-faire aux membres de l’équipe;F39;J.04.02.1;Accueil des nouveaux membres de l’équipe et transmission de savoir-faire aux membres de l’équipe
J.01.05.01;Enregistrement et traçabilité des activités réalisées;F39;;
K.02.21.02;Supervision des activités de la supply chain;F40;K.02.21.1;Supervision des activités de la supply chain
F.01.11.01;Contrôle de la qualité des produits alimentaires;K73;F.01.11.1;Contrôle de la qualité des produits alimentaires
J.04.06.01;Animation d’actions de sensibilisation ou de prévention des collaborateurs à l’hygiène, la sûreté, la sécurité et l’environnement;K77;J.04.06.1;Animation d’actions de sensibilisation ou de prévention des collaborateurs à l’hygiène, la sûreté, la sécurité et l’environnement
J.04.07.01;Formation du personnel aux outils et méthodes;K78;J.04.07.1;Formation du personnel aux outils et méthodes
H.02.01.01;Accueil en espace de vente aux professionnels;M79;H.02.01.1;Accueil en espace de vente aux professionnels
I.01.10.01;Gestion des inventaires et des écarts de stock;F81;I.01.10.1;Gestion des inventaires et des écarts de stock
J.01.03.02;Communication interne;F81;J.01.03.2;Communication interne
K.02.17.01;Pilotage de la gestion des  stocks de produits frais;M84;K.02.17.1;Pilotage de la gestion des stocks de produits frais
I.01.09.01;Suivi de l’activité commerciale;M84;I.01.09.1;Suivi de l'activité commerciale
K.02.09.01;Pilotage de l’activité achats;L85;K.02.09.1;Pilotage de l'activité achats
K.02.14.01;Pilotage des opérations d’approvisionnement;L86;K.02.14.1;Pilotage des opérations d'approvisionnement
G.01.07.01;Gestion des aléas et des réclamations;L86;G.01.07.1;Gestion des aléas et des réclamations
K.02.07.01;Pilotage d’actions et de projets de marketing opérationnel;B87;K.02.07.1;Pilotage d’actions et de projets de marketing opérationnel
K.02.03.03;Sélection et suivi de prestataires (imprimeurs, agences de communication, agences événementiel, …);B87;K.02.03.3;Sélection et suivi de prestataires (imprimeurs, agences de communication, agences événementiel, …)
F.01.07.01;Diagnostic sur des produits pour lesquels une intervention est nécessaire;O89;;
I.03.04.01;Veille technologique et sur les produits;O89;I.03.04.1;Veille technologique et sur les produits
H.01.05.01;Appui technique et conseil auprès des clients;O89;H.01.05.1;Appui technique et conseil auprès des clients
J.04.05.01;Sensibilisation et formation du personnel à la qualité, l’hygiène, la santé, la sécurité et l’environnement;K91;;
K.02.11.01;Pilotage de l’activité logistique;F93;;
H.01.02.01;Appui technique à la réalisation d’offres commerciales complexes;M94;H.01.02.1;Appui technique à la réalisation d’offres commerciales complexes
H.01.03.01;Accompagnement terrain de la force de vente;M94;H.01.03.1;Accompagnement terrain de la force de vente
J.02.01.01;Réalisation d’outils destinés à apporter un support technique à la force de vente et aux clients professionnels;M94;;
K.02.02.01;Conception et pilotage de projets d’amélioration de l’efficacité commerciale;M96;K.02.02.1;Conception et pilotage de projets d’amélioration de l’efficacité commerciale
K.02.03.01;Sélection et suivi de prestataires (efficacité commerciale);M96;K.02.03.1;Sélection et suivi de prestataires (efficacité commerciale)
K.01.01.01;Animation d’un réseau d’équipes commerciales;M96;K.01.01.1;Animation d’un réseau d’équipes commerciales
I.01.07.01;Analyse des besoins de l’entreprise en connaissance des clients;O103;I.01.07.1;Analyse des besoins de l’entreprise en connaissance des clients
I.01.08.01;Traitement et analyse des données clients en utilisant des algorithmes et des démarches de modélisation statistique;O103;I.01.08.1;Traitement et analyse des données clients en utilisant des algorithmes et des démarches de modélisation statistique
K.02.08.01;Conception et pilotage de projets de valorisation de la donnée client;O103;K.02.08.1;Conception et pilotage de projets de valorisation de la donnée client
K.02.16.03;Suivi des résultats;J105;K.02.16.3;Suivi des résultats
K.02.12.01;Mise en œuvre des procédures administratives et Qualité Hygiène Sécurité Environnement (QHSE);J105;K.02.12.1;Mise en œuvre des procédures administratives et Qualité Hygiène Sécurité Environnement (QHSE)
J.04.03.01;Animation des formations techniques et technico-commerciales;M108;J.04.03.1;Animation des formations techniques et technico-commerciales
I.03.02.01;Veille et analyse des besoins en formation;M108;I.03.02.1;Veille et analyse des besoins en formation
J.04.04.01;Construction et animation d’un parcours de formation en situation de travail;M108;J.04.04.1;Construction et animation d’un parcours de formation en situation de travail
J.03.01.01;Mise en œuvre de la stratégie de marketing digital;B125;J.03.01.1;Mise en œuvre de la stratégie de marketing digital
K.02.03.02;Sélection et suivi des prestataires marketing / communication;B125;K.02.03.2;Sélection et suivi des prestataires marketing / communication
I.01.05.01;Analyse du secteur / du périmètre de l’unité commerciale;M127;I.01.05.1;Analyse du secteur / du périmètre de l’unité commerciale
K.2.15.03;Pilotage de l’activité commerciale de l’unité (responsable d’unité commerciale);M127;;
E.2.01.01;Gestion des stocks et des matériels de l’unité commerciale;M127;E.02.01.01;Gestion des stocks et des matériels de l’unité commerciale
I.02.01.01;Analyse de l’environnement commercial dans le cadre d’une activité de vente itinérante;M128;I.01.01.1;Analyse de l’environnement commercial dans le cadre d’une activité de vente itinérante
I.01.02.01;Analyse du marché et du portefeuille de clients grands comptes;M129;I.01.02.1;Analyse du marché et du portefeuille de clients grands comptes
B.025.32.01;Amélioration des outils et méthodes de Pricing et d’aide à la décision et de prédiction dans le domaine du transport aérien;B131;B.02.32.01;Amélioration des outils et méthodes de Pricing et d’aide à la décision et de prédiction dans le domaine du transport aérien
D.01.14..01;Fabrication et assemblage de structures d’aéronefs;J175;D.01.14.01;Fabrication et assemblage de structures d’aéronefs
I.01.03.04;Gestion administrative et réglementaire de son entreprise de pêche;C245;L.01.03.04;Gestion administrative et réglementaire de son entreprise de pêche
C.01.04.04;Organisation de sa propre activité;P252;C.01.04.02;Organisation de sa propre activité
L.01.02.05;Elaboration des déclarations administratives obligatoires;P252;L.01.03.05;Elaboration des déclarations administratives obligatoires
K.02.14.02;Planification du plan d’approvisionnement;L261;K.02.14.2;Planification du plan d’approvisionnement
K.02.21.01;Supervision des activités de la supply chain;F266;K.02.21.1;Supervision des activités de la supply chain
C.01.04.05;Organisation de son activité budgétaire et technique;P290;C01.04.05;Organisation de son activité budgétaire et technique
I.03.27.03;Veille technologique et règlementaire sur les sujets en lien avec le stockage et la gestion de données;O293;I.03.27.01;Veille technologique et règlementaire sur les sujets en lien avec le stockage et la gestion de données
I.3.01.01;Veille juridique, règlementaire et sociale sur les sujets en lien avec les ressources humaines;P300;;
D.01.05.04;Alimentation, abreuvage et soins aux animaux au sein des espaces de stabulation;D309;D.05.01.04;Alimentation, abreuvage et soins aux animaux au sein des espaces de stabulation
k.02.20.04;Organisation et supervision de l’activité de production et de transformation des viandes;D315;K.02.20.04;Organisation et supervision de l’activité de production et de transformation des viandes
D.01.12.02;Réalisation des opérations de maintenance préventive et curative sur les composants ou sous-ensembles des équipements et installations automatisés et robotisés;J317;D.03.11.01;Réalisation des opérations de maintenance préventive et curative sur les composants ou sous-ensembles des équipements et installations automatisés et robotisés
J.04.06.02;Animation d’actions de sensibilisation ou de prévention des collaborateurs à l’hygiène, la sûreté, la sécurité et l’environnement;K325;J.04.06.1;Animation d’actions de sensibilisation ou de prévention des collaborateurs à l’hygiène, la sûreté, la sécurité et l’environnement
I.01.03.02;Elaboration d’actions d’amélioration de l’activité achats;L326;B.02.01.03;Elaboration d’actions d’amélioration de l’activité achats